cve_id,platform,published_date,last_modified,description,cvss_score,cvss_severity,cvss_vector,cvss_version,cwe_ids,vuln_status,cpe_matches,references,pub_year,pub_month,has_cwe,iis_component_mention,patch_date_proxy,days_of_risk,forever_day,risk_estimate_valid
CVE-2020-0645,windows_server,2020-03-12 16:15:13.487,2026-06-17 02:46:15.070,"A tampering vulnerability exists when Microsoft IIS Server improperly handles malformed request headers, aka 'Microsoft IIS Server Tampering Vulnerability'.",7.5,HIGH,CVSS:3.1/AV:N/AC:L/PR:N/UI:N/S:U/C:N/I:H/A:N,3.1,NVD-CWE-noinfo,Modified,"[{""criteria"": ""cpe:2.3:o:microsoft:windows_10:-:*:*:*:*:*:*:*"", ""vulnerable"": true, ""version_start_incl"": null, ""version_start_excl"": null, ""version_end_incl"": null, ""version_end_excl"": null}, {""criteria"": ""cpe:2.3:o:microsoft:windows_10:1607:*:*:*:*:*:*:*"", ""vulnerable"": true, ""version_start_incl"": null, ""version_start_excl"": null, ""version_end_incl"": null, ""version_end_excl"": null}, {""criteria"": ""cpe:2.3:o:microsoft:windows_10:1709:*:*:*:*:*:*:*"", ""vulnerable"": true, ""version_start_incl"": null, ""version_start_excl"": null, ""version_end_incl"": null, ""version_end_excl"": null}, {""criteria"": ""cpe:2.3:o:microsoft:windows_10:1803:*:*:*:*:*:*:*"", ""vulnerable"": true, ""version_start_incl"": null, ""version_start_excl"": null, ""version_end_incl"": null, ""version_end_excl"": null}, {""criteria"": ""cpe:2.3:o:microsoft:windows_10:1809:*:*:*:*:*:*:*"", ""vulnerable"": true, ""version_start_incl"": null, ""version_start_excl"": null, ""version_end_incl"": null, ""version_end_excl"": null}, {""criteria"": ""cpe:2.3:o:microsoft:windows_10:1903:*:*:*:*:*:*:*"", ""vulnerable"": true, ""version_start_incl"": null, ""version_start_excl"": null, ""version_end_incl"": null, ""version_end_excl"": null}, {""criteria"": ""cpe:2.3:o:microsoft:windows_10:1909:*:*:*:*:*:*:*"", ""vulnerable"": true, ""version_start_incl"": null, ""version_start_excl"": null, ""version_end_incl"": null, ""version_end_excl"": null}, {""criteria"": ""cpe:2.3:o:microsoft:windows_7:-:sp1:*:*:*:*:*:*"", ""vulnerable"": true, ""version_start_incl"": null, ""version_start_excl"": null, ""version_end_incl"": null, ""version_end_excl"": null}, {""criteria"": ""cpe:2.3:o:microsoft:windows_8.1:-:*:*:*:*:*:*:*"", ""vulnerable"": true, ""version_start_incl"": null, ""version_start_excl"": null, ""version_end_incl"": null, ""version_end_excl"": null}, {""criteria"": ""cpe:2.3:o:microsoft:windows_rt_8.1:-:*:*:*:*:*:*:*"", ""vulnerable"": true, ""version_start_incl"": null, ""version_start_excl"": null, ""version_end_incl"": null, ""version_end_excl"": null}, {""criteria"": ""cpe:2.3:o:microsoft:windows_server_2008:-:sp1:*:*:*:*:*:*"", ""vulnerable"": true, ""version_start_incl"": null, ""version_start_excl"": null, ""version_end_incl"": null, ""version_end_excl"": null}, {""criteria"": ""cpe:2.3:o:microsoft:windows_server_2008:r2:sp1:*:*:*:*:*:*"", ""vulnerable"": true, ""version_start_incl"": null, ""version_start_excl"": null, ""version_end_incl"": null, ""version_end_excl"": null}, {""criteria"": ""cpe:2.3:o:microsoft:windows_server_2012:-:*:*:*:*:*:*:*"", ""vulnerable"": true, ""version_start_incl"": null, ""version_start_excl"": null, ""version_end_incl"": null, ""version_end_excl"": null}, {""criteria"": ""cpe:2.3:o:microsoft:windows_server_2012:r2:*:*:*:*:*:*:*"", ""vulnerable"": true, ""version_start_incl"": null, ""version_start_excl"": null, ""version_end_incl"": null, ""version_end_excl"": null}, {""criteria"": ""cpe:2.3:o:microsoft:windows_server_2016:-:*:*:*:*:*:*:*"", ""vulnerable"": true, ""version_start_incl"": null, ""version_start_excl"": null, ""version_end_incl"": null, ""version_end_excl"": null}, {""criteria"": ""cpe:2.3:o:microsoft:windows_server_2016:1803:*:*:*:*:*:*:*"", ""vulnerable"": true, ""version_start_incl"": null, ""version_start_excl"": null, ""version_end_incl"": null, ""version_end_excl"": null}, {""criteria"": ""cpe:2.3:o:microsoft:windows_server_2016:1903:*:*:*:*:*:*:*"", ""vulnerable"": true, ""version_start_incl"": null, ""version_start_excl"": null, ""version_end_incl"": null, ""version_end_excl"": null}, {""criteria"": ""cpe:2.3:o:microsoft:windows_server_2016:1909:*:*:*:*:*:*:*"", ""vulnerable"": true, ""version_start_incl"": null, ""version_start_excl"": null, ""version_end_incl"": null, ""version_end_excl"": null}, {""criteria"": ""cpe:2.3:o:microsoft:windows_server_2019:-:*:*:*:*:*:*:*"", ""vulnerable"": true, ""version_start_incl"": null, ""version_start_excl"": null, ""version_end_incl"": null, ""version_end_excl"": null}]","[{""url"": ""https://portal.msrc.microsoft.com/en-US/security-guidance/advisory/CVE-2020-0645"", ""source"": ""secure@microsoft.com"", ""tags"": [""Patch"", ""Vendor Advisory""]}, {""url"": ""https://portal.msrc.microsoft.com/en-US/security-guidance/advisory/CVE-2020-0645"", ""source"": ""af854a3a-2127-422b-91ae-364da2661108"", ""tags"": [""Patch"", ""Vendor Advisory""]}]",2020,2020-03,True,True,2026-06-17 02:46:15.070,2287,True,True
CVE-2020-1112,windows_server,2020-05-21 23:15:15.133,2026-08-19 17:17:19.043,"An elevation of privilege vulnerability exists when the Windows Background Intelligent Transfer Service (BITS) IIS module improperly handles uploaded content. An attacker who successfully exploited this vulnerability could upload restricted file types to an IIS-hosted folder.
To exploit this vulnerability, an attacker would require permissions to upload files via BITS. An attacker could then submit a specially crafted request to upload a file.
The security update addresses the vulnerability by correcting how Windows BITS validates file names.",8.5,HIGH,CVSS:3.1/AV:N/AC:H/PR:L/UI:N/S:C/C:H/I:H/A:H,3.1,CWE-434,Modified,"[{""criteria"": ""cpe:2.3:o:microsoft:windows_10:-:*:*:*:*:*:x64:*"", ""vulnerable"": true, ""version_start_incl"": null, ""version_start_excl"": null, ""version_end_incl"": null, ""version_end_excl"": null}, {""criteria"": ""cpe:2.3:o:microsoft:windows_10:-:*:*:*:*:*:x86:*"", ""vulnerable"": true, ""version_start_incl"": null, ""version_start_excl"": null, ""version_end_incl"": null, ""version_end_excl"": null}, {""criteria"": ""cpe:2.3:o:microsoft:windows_10:1607:*:*:*:*:*:x64:*"", ""vulnerable"": true, ""version_start_incl"": null, ""version_start_excl"": null, ""version_end_incl"": null, ""version_end_excl"": null}, {""criteria"": ""cpe:2.3:o:microsoft:windows_10:1607:*:*:*:*:*:x86:*"", ""vulnerable"": true, ""version_start_incl"": null, ""version_start_excl"": null, ""version_end_incl"": null, ""version_end_excl"": null}, {""criteria"": ""cpe:2.3:o:microsoft:windows_10:1709:*:*:*:*:*:*:*"", ""vulnerable"": true, ""version_start_incl"": null, ""version_start_excl"": null, ""version_end_incl"": null, ""version_end_excl"": null}, {""criteria"": ""cpe:2.3:o:microsoft:windows_10:1803:*:*:*:*:*:*:*"", ""vulnerable"": true, ""version_start_incl"": null, ""version_start_excl"": null, ""version_end_incl"": null, ""version_end_excl"": null}, {""criteria"": ""cpe:2.3:o:microsoft:windows_10:1809:*:*:*:*:*:*:*"", ""vulnerable"": true, ""version_start_incl"": null, ""version_start_excl"": null, ""version_end_incl"": null, ""version_end_excl"": null}, {""criteria"": ""cpe:2.3:o:microsoft:windows_10:1903:*:*:*:*:*:*:*"", ""vulnerable"": true, ""version_start_incl"": null, ""version_start_excl"": null, ""version_end_incl"": null, ""version_end_excl"": null}, {""criteria"": ""cpe:2.3:o:microsoft:windows_10:1909:*:*:*:*:*:*:*"", ""vulnerable"": true, ""version_start_incl"": null, ""version_start_excl"": null, ""version_end_incl"": null, ""version_end_excl"": null}, {""criteria"": ""cpe:2.3:o:microsoft:windows_7:-:sp1:*:*:*:*:x64:*"", ""vulnerable"": true, ""version_start_incl"": null, ""version_start_excl"": null, ""version_end_incl"": null, ""version_end_excl"": null}, {""criteria"": ""cpe:2.3:o:microsoft:windows_7:-:sp1:*:*:*:*:x86:*"", ""vulnerable"": true, ""version_start_incl"": null, ""version_start_excl"": null, ""version_end_incl"": null, ""version_end_excl"": null}, {""criteria"": ""cpe:2.3:o:microsoft:windows_8.1:-:*:*:*:*:*:x64:*"", ""vulnerable"": true, ""version_start_incl"": null, ""version_start_excl"": null, ""version_end_incl"": null, ""version_end_excl"": null}, {""criteria"": ""cpe:2.3:o:microsoft:windows_8.1:-:*:*:*:*:*:x86:*"", ""vulnerable"": true, ""version_start_incl"": null, ""version_start_excl"": null, ""version_end_incl"": null, ""version_end_excl"": null}, {""criteria"": ""cpe:2.3:o:microsoft:windows_rt_8.1:-:*:*:*:*:*:*:*"", ""vulnerable"": true, ""version_start_incl"": null, ""version_start_excl"": null, ""version_end_incl"": null, ""version_end_excl"": null}, {""criteria"": ""cpe:2.3:o:microsoft:windows_server_2008:-:sp2:*:*:*:*:itanium:*"", ""vulnerable"": true, ""version_start_incl"": null, ""version_start_excl"": null, ""version_end_incl"": null, ""version_end_excl"": null}, {""criteria"": ""cpe:2.3:o:microsoft:windows_server_2008:-:sp2:*:*:*:*:x64:*"", ""vulnerable"": true, ""version_start_incl"": null, ""version_start_excl"": null, ""version_end_incl"": null, ""version_end_excl"": null}, {""criteria"": ""cpe:2.3:o:microsoft:windows_server_2008:-:sp2:*:*:*:*:x86:*"", ""vulnerable"": true, ""version_start_incl"": null, ""version_start_excl"": null, ""version_end_incl"": null, ""version_end_excl"": null}, {""criteria"": ""cpe:2.3:o:microsoft:windows_server_2008:r2:sp1:*:*:*:*:itanium:*"", ""vulnerable"": true, ""version_start_incl"": null, ""version_start_excl"": null, ""version_end_incl"": null, ""version_end_excl"": null}, {""criteria"": ""cpe:2.3:o:microsoft:windows_server_2008:r2:sp1:*:*:*:*:x64:*"", ""vulnerable"": true, ""version_start_incl"": null, ""version_start_excl"": null, ""version_end_incl"": null, ""version_end_excl"": null}, {""criteria"": ""cpe:2.3:o:microsoft:windows_server_2012:-:*:*:*:*:*:*:*"", ""vulnerable"": true, ""version_start_incl"": null, ""version_start_excl"": null, ""version_end_incl"": null, ""version_end_excl"": null}, {""criteria"": ""cpe:2.3:o:microsoft:windows_server_2012:r2:*:*:*:*:*:*:*"", ""vulnerable"": true, ""version_start_incl"": null, ""version_start_excl"": null, ""version_end_incl"": null, ""version_end_excl"": null}, {""criteria"": ""cpe:2.3:o:microsoft:windows_server_2016:-:*:*:*:*:*:*:*"", ""vulnerable"": true, ""version_start_incl"": null, ""version_start_excl"": null, ""version_end_incl"": null, ""version_end_excl"": null}, {""criteria"": ""cpe:2.3:o:microsoft:windows_server_2019:-:*:*:*:*:*:*:*"", ""vulnerable"": true, ""version_start_incl"": null, ""version_start_excl"": null, ""version_end_incl"": null, ""version_end_excl"": null}]","[{""url"": ""https://msrc.microsoft.com/update-guide/vulnerability/CVE-2020-1112"", ""source"": ""secure@microsoft.com"", ""tags"": []}, {""url"": ""https://portal.msrc.microsoft.com/en-US/security-guidance/advisory/CVE-2020-1112"", ""source"": ""af854a3a-2127-422b-91ae-364da2661108"", ""tags"": [""Patch"", ""Vendor Advisory""]}]",2020,2020-05,True,True,2026-08-19 17:17:19.043,2280,True,True
CVE-2020-1255,windows_server,2020-06-09 20:15:16.770,2026-06-17 03:00:55.807,"An elevation of privilege vulnerability exists when the Windows Background Intelligent Transfer Service (BITS) IIS module improperly handles uploaded content, aka 'Windows Background Intelligent Transfer Service Elevation of Privilege Vulnerability'.",8.8,HIGH,CVSS:3.1/AV:N/AC:L/PR:L/UI:N/S:U/C:H/I:H/A:H,3.1,NVD-CWE-noinfo,Modified,"[{""criteria"": ""cpe:2.3:o:microsoft:windows_10:-:*:*:*:*:*:*:*"", ""vulnerable"": true, ""version_start_incl"": null, ""version_start_excl"": null, ""version_end_incl"": null, ""version_end_excl"": null}, {""criteria"": ""cpe:2.3:o:microsoft:windows_10:1607:*:*:*:*:*:*:*"", ""vulnerable"": true, ""version_start_incl"": null, ""version_start_excl"": null, ""version_end_incl"": null, ""version_end_excl"": null}, {""criteria"": ""cpe:2.3:o:microsoft:windows_10:1709:*:*:*:*:*:*:*"", ""vulnerable"": true, ""version_start_incl"": null, ""version_start_excl"": null, ""version_end_incl"": null, ""version_end_excl"": null}, {""criteria"": ""cpe:2.3:o:microsoft:windows_10:1803:*:*:*:*:*:*:*"", ""vulnerable"": true, ""version_start_incl"": null, ""version_start_excl"": null, ""version_end_incl"": null, ""version_end_excl"": null}, {""criteria"": ""cpe:2.3:o:microsoft:windows_10:1809:*:*:*:*:*:*:*"", ""vulnerable"": true, ""version_start_incl"": null, ""version_start_excl"": null, ""version_end_incl"": null, ""version_end_excl"": null}, {""criteria"": ""cpe:2.3:o:microsoft:windows_10:1903:*:*:*:*:*:*:*"", ""vulnerable"": true, ""version_start_incl"": null, ""version_start_excl"": null, ""version_end_incl"": null, ""version_end_excl"": null}, {""criteria"": ""cpe:2.3:o:microsoft:windows_10:1909:*:*:*:*:*:*:*"", ""vulnerable"": true, ""version_start_incl"": null, ""version_start_excl"": null, ""version_end_incl"": null, ""version_end_excl"": null}, {""criteria"": ""cpe:2.3:o:microsoft:windows_10:2004:*:*:*:*:*:*:*"", ""vulnerable"": true, ""version_start_incl"": null, ""version_start_excl"": null, ""version_end_incl"": null, ""version_end_excl"": null}, {""criteria"": ""cpe:2.3:o:microsoft:windows_7:-:sp1:*:*:*:*:*:*"", ""vulnerable"": true, ""version_start_incl"": null, ""version_start_excl"": null, ""version_end_incl"": null, ""version_end_excl"": null}, {""criteria"": ""cpe:2.3:o:microsoft:windows_8.1:-:*:*:*:*:*:*:*"", ""vulnerable"": true, ""version_start_incl"": null, ""version_start_excl"": null, ""version_end_incl"": null, ""version_end_excl"": null}, {""criteria"": ""cpe:2.3:o:microsoft:windows_rt_8.1:-:*:*:*:*:*:*:*"", ""vulnerable"": true, ""version_start_incl"": null, ""version_start_excl"": null, ""version_end_incl"": null, ""version_end_excl"": null}, {""criteria"": ""cpe:2.3:o:microsoft:windows_server_2008:-:sp2:*:*:*:*:*:*"", ""vulnerable"": true, ""version_start_incl"": null, ""version_start_excl"": null, ""version_end_incl"": null, ""version_end_excl"": null}, {""criteria"": ""cpe:2.3:o:microsoft:windows_server_2008:r2:sp1:*:*:*:*:itanium:*"", ""vulnerable"": true, ""version_start_incl"": null, ""version_start_excl"": null, ""version_end_incl"": null, ""version_end_excl"": null}, {""criteria"": ""cpe:2.3:o:microsoft:windows_server_2008:r2:sp1:*:*:*:*:x64:*"", ""vulnerable"": true, ""version_start_incl"": null, ""version_start_excl"": null, ""version_end_incl"": null, ""version_end_excl"": null}, {""criteria"": ""cpe:2.3:o:microsoft:windows_server_2012:-:*:*:*:*:*:*:*"", ""vulnerable"": true, ""version_start_incl"": null, ""version_start_excl"": null, ""version_end_incl"": null, ""version_end_excl"": null}, {""criteria"": ""cpe:2.3:o:microsoft:windows_server_2012:r2:*:*:*:*:*:*:*"", ""vulnerable"": true, ""version_start_incl"": null, ""version_start_excl"": null, ""version_end_incl"": null, ""version_end_excl"": null}, {""criteria"": ""cpe:2.3:o:microsoft:windows_server_2016:-:*:*:*:*:*:*:*"", ""vulnerable"": true, ""version_start_incl"": null, ""version_start_excl"": null, ""version_end_incl"": null, ""version_end_excl"": null}, {""criteria"": ""cpe:2.3:o:microsoft:windows_server_2016:1803:*:*:*:*:*:*:*"", ""vulnerable"": true, ""version_start_incl"": null, ""version_start_excl"": null, ""version_end_incl"": null, ""version_end_excl"": null}, {""criteria"": ""cpe:2.3:o:microsoft:windows_server_2016:1903:*:*:*:*:*:*:*"", ""vulnerable"": true, ""version_start_incl"": null, ""version_start_excl"": null, ""version_end_incl"": null, ""version_end_excl"": null}, {""criteria"": ""cpe:2.3:o:microsoft:windows_server_2016:1909:*:*:*:*:*:*:*"", ""vulnerable"": true, ""version_start_incl"": null, ""version_start_excl"": null, ""version_end_incl"": null, ""version_end_excl"": null}, {""criteria"": ""cpe:2.3:o:microsoft:windows_server_2016:2004:*:*:*:*:*:*:*"", ""vulnerable"": true, ""version_start_incl"": null, ""version_start_excl"": null, ""version_end_incl"": null, ""version_end_excl"": null}, {""criteria"": ""cpe:2.3:o:microsoft:windows_server_2019:-:*:*:*:*:*:*:*"", ""vulnerable"": true, ""version_start_incl"": null, ""version_start_excl"": null, ""version_end_incl"": null, ""version_end_excl"": null}]","[{""url"": ""https://portal.msrc.microsoft.com/en-US/security-guidance/advisory/CVE-2020-1255"", ""source"": ""secure@microsoft.com"", ""tags"": [""Patch"", ""Vendor Advisory""]}, {""url"": ""https://portal.msrc.microsoft.com/en-US/security-guidance/advisory/CVE-2020-1255"", ""source"": ""af854a3a-2127-422b-91ae-364da2661108"", ""tags"": [""Patch"", ""Vendor Advisory""]}]",2020,2020-06,True,True,2026-06-17 03:00:55.807,2198,True,True
CVE-2020-1476,windows_server,2020-08-17 19:15:15.367,2026-06-17 03:01:30.653,"An elevation of privilege vulnerability exists when ASP.NET or .NET web applications running on IIS improperly allow access to cached files. An attacker who successfully exploited this vulnerability could gain access to restricted files.
To exploit this vulnerability, an attacker would need to send a specially crafted request to an affected server.
The update addresses the vulnerability by changing how ASP.NET and .NET handle requests.",5.5,MEDIUM,CVSS:3.1/AV:L/AC:L/PR:L/UI:N/S:U/C:H/I:N/A:N,3.1,NVD-CWE-noinfo,Modified,"[{""criteria"": ""cpe:2.3:a:microsoft:.net_framework:2.0:sp2:*:*:*:*:*:*"", ""vulnerable"": true, ""version_start_incl"": null, ""version_start_excl"": null, ""version_end_incl"": null, ""version_end_excl"": null}]","[{""url"": ""https://portal.msrc.microsoft.com/en-US/security-guidance/advisory/CVE-2020-1476"", ""source"": ""secure@microsoft.com"", ""tags"": [""Patch"", ""Vendor Advisory""]}, {""url"": ""https://portal.msrc.microsoft.com/en-US/security-guidance/advisory/CVE-2020-1476"", ""source"": ""af854a3a-2127-422b-91ae-364da2661108"", ""tags"": [""Patch"", ""Vendor Advisory""]}]",2020,2020-08,True,True,2026-06-17 03:01:30.653,2129,True,True
CVE-2022-22025,windows_server,2022-07-12 23:15:09.183,2026-06-17 04:27:30.727,Windows Internet Information Services Cachuri Module Denial of Service Vulnerability,7.5,HIGH,CVSS:3.1/AV:N/AC:L/PR:N/UI:N/S:U/C:N/I:N/A:H,3.1,NVD-CWE-noinfo,Modified,"[{""criteria"": ""cpe:2.3:o:microsoft:windows_10:20h2:*:*:*:*:*:arm64:*"", ""vulnerable"": true, ""version_start_incl"": null, ""version_start_excl"": null, ""version_end_incl"": null, ""version_end_excl"": null}, {""criteria"": ""cpe:2.3:o:microsoft:windows_10:20h2:*:*:*:*:*:x64:*"", ""vulnerable"": true, ""version_start_incl"": null, ""version_start_excl"": null, ""version_end_incl"": null, ""version_end_excl"": null}, {""criteria"": ""cpe:2.3:o:microsoft:windows_10:20h2:*:*:*:*:*:x86:*"", ""vulnerable"": true, ""version_start_incl"": null, ""version_start_excl"": null, ""version_end_incl"": null, ""version_end_excl"": null}, {""criteria"": ""cpe:2.3:o:microsoft:windows_10:21h1:*:*:*:*:*:arm64:*"", ""vulnerable"": true, ""version_start_incl"": null, ""version_start_excl"": null, ""version_end_incl"": null, ""version_end_excl"": null}, {""criteria"": ""cpe:2.3:o:microsoft:windows_10:21h1:*:*:*:*:*:x64:*"", ""vulnerable"": true, ""version_start_incl"": null, ""version_start_excl"": null, ""version_end_incl"": null, ""version_end_excl"": null}, {""criteria"": ""cpe:2.3:o:microsoft:windows_10:21h1:*:*:*:*:*:x86:*"", ""vulnerable"": true, ""version_start_incl"": null, ""version_start_excl"": null, ""version_end_incl"": null, ""version_end_excl"": null}, {""criteria"": ""cpe:2.3:o:microsoft:windows_10:21h2:*:*:*:*:*:arm64:*"", ""vulnerable"": true, ""version_start_incl"": null, ""version_start_excl"": null, ""version_end_incl"": null, ""version_end_excl"": null}, {""criteria"": ""cpe:2.3:o:microsoft:windows_10:21h2:*:*:*:*:*:x64:*"", ""vulnerable"": true, ""version_start_incl"": null, ""version_start_excl"": null, ""version_end_incl"": null, ""version_end_excl"": null}, {""criteria"": ""cpe:2.3:o:microsoft:windows_10:21h2:*:*:*:*:*:x86:*"", ""vulnerable"": true, ""version_start_incl"": null, ""version_start_excl"": null, ""version_end_incl"": null, ""version_end_excl"": null}, {""criteria"": ""cpe:2.3:o:microsoft:windows_10:1607:*:*:*:*:*:x64:*"", ""vulnerable"": true, ""version_start_incl"": null, ""version_start_excl"": null, ""version_end_incl"": null, ""version_end_excl"": null}, {""criteria"": ""cpe:2.3:o:microsoft:windows_10:1607:*:*:*:*:*:x86:*"", ""vulnerable"": true, ""version_start_incl"": null, ""version_start_excl"": null, ""version_end_incl"": null, ""version_end_excl"": null}, {""criteria"": ""cpe:2.3:o:microsoft:windows_10:1809:*:*:*:*:*:arm64:*"", ""vulnerable"": true, ""version_start_incl"": null, ""version_start_excl"": null, ""version_end_incl"": null, ""version_end_excl"": null}, {""criteria"": ""cpe:2.3:o:microsoft:windows_10:1809:*:*:*:*:*:x64:*"", ""vulnerable"": true, ""version_start_incl"": null, ""version_start_excl"": null, ""version_end_incl"": null, ""version_end_excl"": null}, {""criteria"": ""cpe:2.3:o:microsoft:windows_10:1809:*:*:*:*:*:x86:*"", ""vulnerable"": true, ""version_start_incl"": null, ""version_start_excl"": null, ""version_end_incl"": null, ""version_end_excl"": null}, {""criteria"": ""cpe:2.3:o:microsoft:windows_11:-:*:*:*:*:*:arm64:*"", ""vulnerable"": true, ""version_start_incl"": null, ""version_start_excl"": null, ""version_end_incl"": null, ""version_end_excl"": null}, {""criteria"": ""cpe:2.3:o:microsoft:windows_11:-:*:*:*:*:*:x64:*"", ""vulnerable"": true, ""version_start_incl"": null, ""version_start_excl"": null, ""version_end_incl"": null, ""version_end_excl"": null}, {""criteria"": ""cpe:2.3:o:microsoft:windows_7:-:sp1:*:*:*:*:x64:*"", ""vulnerable"": true, ""version_start_incl"": null, ""version_start_excl"": null, ""version_end_incl"": null, ""version_end_excl"": null}, {""criteria"": ""cpe:2.3:o:microsoft:windows_7:-:sp1:*:*:*:*:x86:*"", ""vulnerable"": true, ""version_start_incl"": null, ""version_start_excl"": null, ""version_end_incl"": null, ""version_end_excl"": null}, {""criteria"": ""cpe:2.3:o:microsoft:windows_8.1:-:*:*:*:*:*:x64:*"", ""vulnerable"": true, ""version_start_incl"": null, ""version_start_excl"": null, ""version_end_incl"": null, ""version_end_excl"": null}, {""criteria"": ""cpe:2.3:o:microsoft:windows_8.1:-:*:*:*:*:*:x86:*"", ""vulnerable"": true, ""version_start_incl"": null, ""version_start_excl"": null, ""version_end_incl"": null, ""version_end_excl"": null}, {""criteria"": ""cpe:2.3:o:microsoft:windows_rt_8.1:-:*:*:*:*:*:*:*"", ""vulnerable"": true, ""version_start_incl"": null, ""version_start_excl"": null, ""version_end_incl"": null, ""version_end_excl"": null}, {""criteria"": ""cpe:2.3:o:microsoft:windows_server_2008:-:sp2:*:*:*:*:x64:*"", ""vulnerable"": true, ""version_start_incl"": null, ""version_start_excl"": null, ""version_end_incl"": null, ""version_end_excl"": null}, {""criteria"": ""cpe:2.3:o:microsoft:windows_server_2008:-:sp2:*:*:*:*:x86:*"", ""vulnerable"": true, ""version_start_incl"": null, ""version_start_excl"": null, ""version_end_incl"": null, ""version_end_excl"": null}, {""criteria"": ""cpe:2.3:o:microsoft:windows_server_2008:r2:sp1:*:*:*:*:x64:*"", ""vulnerable"": true, ""version_start_incl"": null, ""version_start_excl"": null, ""version_end_incl"": null, ""version_end_excl"": null}, {""criteria"": ""cpe:2.3:o:microsoft:windows_server_2012:-:*:*:*:*:*:*:*"", ""vulnerable"": true, ""version_start_incl"": null, ""version_start_excl"": null, ""version_end_incl"": null, ""version_end_excl"": null}, {""criteria"": ""cpe:2.3:o:microsoft:windows_server_2012:r2:*:*:*:*:*:*:*"", ""vulnerable"": true, ""version_start_incl"": null, ""version_start_excl"": null, ""version_end_incl"": null, ""version_end_excl"": null}, {""criteria"": ""cpe:2.3:o:microsoft:windows_server_2016:-:*:*:*:*:*:*:*"", ""vulnerable"": true, ""version_start_incl"": null, ""version_start_excl"": null, ""version_end_incl"": null, ""version_end_excl"": null}, {""criteria"": ""cpe:2.3:o:microsoft:windows_server_2019:-:*:*:*:*:*:*:*"", ""vulnerable"": true, ""version_start_incl"": null, ""version_start_excl"": null, ""version_end_incl"": null, ""version_end_excl"": null}, {""criteria"": ""cpe:2.3:o:microsoft:windows_server_2022:-:*:*:*:*:*:*:*"", ""vulnerable"": true, ""version_start_incl"": null, ""version_start_excl"": null, ""version_end_incl"": null, ""version_end_excl"": null}]","[{""url"": ""https://msrc.microsoft.com/update-guide/vulnerability/CVE-2022-22025"", ""source"": ""secure@microsoft.com"", ""tags"": []}, {""url"": ""https://msrc.microsoft.com/update-guide/vulnerability/CVE-2022-22025"", ""source"": ""af854a3a-2127-422b-91ae-364da2661108"", ""tags"": []}]",2022,2022-07,True,True,2026-06-17 04:27:30.727,1435,True,True
CVE-2022-22040,windows_server,2022-07-12 23:15:09.867,2026-06-17 04:27:32.983,Internet Information Services Dynamic Compression Module Denial of Service Vulnerability,7.3,HIGH,CVSS:3.1/AV:N/AC:L/PR:N/UI:N/S:U/C:L/I:L/A:L,3.1,NVD-CWE-noinfo,Modified,"[{""criteria"": ""cpe:2.3:o:microsoft:windows_10:-:*:*:*:*:*:x64:*"", ""vulnerable"": true, ""version_start_incl"": null, ""version_start_excl"": null, ""version_end_incl"": null, ""version_end_excl"": null}, {""criteria"": ""cpe:2.3:o:microsoft:windows_10:-:*:*:*:*:*:x86:*"", ""vulnerable"": true, ""version_start_incl"": null, ""version_start_excl"": null, ""version_end_incl"": null, ""version_end_excl"": null}, {""criteria"": ""cpe:2.3:o:microsoft:windows_10:20h2:*:*:*:*:*:arm64:*"", ""vulnerable"": true, ""version_start_incl"": null, ""version_start_excl"": null, ""version_end_incl"": null, ""version_end_excl"": null}, {""criteria"": ""cpe:2.3:o:microsoft:windows_10:20h2:*:*:*:*:*:x64:*"", ""vulnerable"": true, ""version_start_incl"": null, ""version_start_excl"": null, ""version_end_incl"": null, ""version_end_excl"": null}, {""criteria"": ""cpe:2.3:o:microsoft:windows_10:20h2:*:*:*:*:*:x86:*"", ""vulnerable"": true, ""version_start_incl"": null, ""version_start_excl"": null, ""version_end_incl"": null, ""version_end_excl"": null}, {""criteria"": ""cpe:2.3:o:microsoft:windows_10:21h1:*:*:*:*:*:arm64:*"", ""vulnerable"": true, ""version_start_incl"": null, ""version_start_excl"": null, ""version_end_incl"": null, ""version_end_excl"": null}, {""criteria"": ""cpe:2.3:o:microsoft:windows_10:21h1:*:*:*:*:*:x64:*"", ""vulnerable"": true, ""version_start_incl"": null, ""version_start_excl"": null, ""version_end_incl"": null, ""version_end_excl"": null}, {""criteria"": ""cpe:2.3:o:microsoft:windows_10:21h1:*:*:*:*:*:x86:*"", ""vulnerable"": true, ""version_start_incl"": null, ""version_start_excl"": null, ""version_end_incl"": null, ""version_end_excl"": null}, {""criteria"": ""cpe:2.3:o:microsoft:windows_10:21h2:*:*:*:*:*:arm64:*"", ""vulnerable"": true, ""version_start_incl"": null, ""version_start_excl"": null, ""version_end_incl"": null, ""version_end_excl"": null}, {""criteria"": ""cpe:2.3:o:microsoft:windows_10:21h2:*:*:*:*:*:x64:*"", ""vulnerable"": true, ""version_start_incl"": null, ""version_start_excl"": null, ""version_end_incl"": null, ""version_end_excl"": null}, {""criteria"": ""cpe:2.3:o:microsoft:windows_10:21h2:*:*:*:*:*:x86:*"", ""vulnerable"": true, ""version_start_incl"": null, ""version_start_excl"": null, ""version_end_incl"": null, ""version_end_excl"": null}, {""criteria"": ""cpe:2.3:o:microsoft:windows_10:1607:*:*:*:*:*:x64:*"", ""vulnerable"": true, ""version_start_incl"": null, ""version_start_excl"": null, ""version_end_incl"": null, ""version_end_excl"": null}, {""criteria"": ""cpe:2.3:o:microsoft:windows_10:1607:*:*:*:*:*:x86:*"", ""vulnerable"": true, ""version_start_incl"": null, ""version_start_excl"": null, ""version_end_incl"": null, ""version_end_excl"": null}, {""criteria"": ""cpe:2.3:o:microsoft:windows_10:1809:*:*:*:*:*:arm64:*"", ""vulnerable"": true, ""version_start_incl"": null, ""version_start_excl"": null, ""version_end_incl"": null, ""version_end_excl"": null}, {""criteria"": ""cpe:2.3:o:microsoft:windows_10:1809:*:*:*:*:*:x64:*"", ""vulnerable"": true, ""version_start_incl"": null, ""version_start_excl"": null, ""version_end_incl"": null, ""version_end_excl"": null}, {""criteria"": ""cpe:2.3:o:microsoft:windows_10:1809:*:*:*:*:*:x86:*"", ""vulnerable"": true, ""version_start_incl"": null, ""version_start_excl"": null, ""version_end_incl"": null, ""version_end_excl"": null}, {""criteria"": ""cpe:2.3:o:microsoft:windows_11:-:*:*:*:*:*:arm64:*"", ""vulnerable"": true, ""version_start_incl"": null, ""version_start_excl"": null, ""version_end_incl"": null, ""version_end_excl"": null}, {""criteria"": ""cpe:2.3:o:microsoft:windows_11:-:*:*:*:*:*:x64:*"", ""vulnerable"": true, ""version_start_incl"": null, ""version_start_excl"": null, ""version_end_incl"": null, ""version_end_excl"": null}, {""criteria"": ""cpe:2.3:o:microsoft:windows_7:-:sp1:*:*:*:*:x64:*"", ""vulnerable"": true, ""version_start_incl"": null, ""version_start_excl"": null, ""version_end_incl"": null, ""version_end_excl"": null}, {""criteria"": ""cpe:2.3:o:microsoft:windows_7:-:sp1:*:*:*:*:x86:*"", ""vulnerable"": true, ""version_start_incl"": null, ""version_start_excl"": null, ""version_end_incl"": null, ""version_end_excl"": null}, {""criteria"": ""cpe:2.3:o:microsoft:windows_8.1:-:*:*:*:*:*:x64:*"", ""vulnerable"": true, ""version_start_incl"": null, ""version_start_excl"": null, ""version_end_incl"": null, ""version_end_excl"": null}, {""criteria"": ""cpe:2.3:o:microsoft:windows_8.1:-:*:*:*:*:*:x86:*"", ""vulnerable"": true, ""version_start_incl"": null, ""version_start_excl"": null, ""version_end_incl"": null, ""version_end_excl"": null}, {""criteria"": ""cpe:2.3:o:microsoft:windows_rt_8.1:-:*:*:*:*:*:*:*"", ""vulnerable"": true, ""version_start_incl"": null, ""version_start_excl"": null, ""version_end_incl"": null, ""version_end_excl"": null}, {""criteria"": ""cpe:2.3:o:microsoft:windows_server_2008:-:sp2:*:*:*:*:x64:*"", ""vulnerable"": true, ""version_start_incl"": null, ""version_start_excl"": null, ""version_end_incl"": null, ""version_end_excl"": null}, {""criteria"": ""cpe:2.3:o:microsoft:windows_server_2008:-:sp2:*:*:*:*:x86:*"", ""vulnerable"": true, ""version_start_incl"": null, ""version_start_excl"": null, ""version_end_incl"": null, ""version_end_excl"": null}, {""criteria"": ""cpe:2.3:o:microsoft:windows_server_2008:r2:sp1:*:*:*:*:x64:*"", ""vulnerable"": true, ""version_start_incl"": null, ""version_start_excl"": null, ""version_end_incl"": null, ""version_end_excl"": null}, {""criteria"": ""cpe:2.3:o:microsoft:windows_server_2012:-:*:*:*:*:*:*:*"", ""vulnerable"": true, ""version_start_incl"": null, ""version_start_excl"": null, ""version_end_incl"": null, ""version_end_excl"": null}, {""criteria"": ""cpe:2.3:o:microsoft:windows_server_2012:r2:*:*:*:*:*:*:*"", ""vulnerable"": true, ""version_start_incl"": null, ""version_start_excl"": null, ""version_end_incl"": null, ""version_end_excl"": null}, {""criteria"": ""cpe:2.3:o:microsoft:windows_server_2016:-:*:*:*:*:*:*:*"", ""vulnerable"": true, ""version_start_incl"": null, ""version_start_excl"": null, ""version_end_incl"": null, ""version_end_excl"": null}, {""criteria"": ""cpe:2.3:o:microsoft:windows_server_2016:20h2:*:*:*:*:*:*:*"", ""vulnerable"": true, ""version_start_incl"": null, ""version_start_excl"": null, ""version_end_incl"": null, ""version_end_excl"": null}, {""criteria"": ""cpe:2.3:o:microsoft:windows_server_2019:-:*:*:*:*:*:*:*"", ""vulnerable"": true, ""version_start_incl"": null, ""version_start_excl"": null, ""version_end_incl"": null, ""version_end_excl"": null}, {""criteria"": ""cpe:2.3:o:microsoft:windows_server_2022:-:*:*:*:*:*:*:*"", ""vulnerable"": true, ""version_start_incl"": null, ""version_start_excl"": null, ""version_end_incl"": null, ""version_end_excl"": null}]","[{""url"": ""https://msrc.microsoft.com/update-guide/vulnerability/CVE-2022-22040"", ""source"": ""secure@microsoft.com"", ""tags"": []}, {""url"": ""https://msrc.microsoft.com/update-guide/vulnerability/CVE-2022-22040"", ""source"": ""af854a3a-2127-422b-91ae-364da2661108"", ""tags"": []}]",2022,2022-07,True,True,2026-06-17 04:27:32.983,1435,True,True
CVE-2022-30209,windows_server,2022-07-12 23:15:11.283,2026-06-17 04:43:16.010,Windows IIS Server Elevation of Privilege Vulnerability,7.4,HIGH,CVSS:3.1/AV:N/AC:H/PR:N/UI:N/S:U/C:H/I:H/A:N,3.1,NVD-CWE-noinfo,Modified,"[{""criteria"": ""cpe:2.3:o:microsoft:windows_10:-:*:*:*:*:*:x64:*"", ""vulnerable"": true, ""version_start_incl"": null, ""version_start_excl"": null, ""version_end_incl"": null, ""version_end_excl"": null}, {""criteria"": ""cpe:2.3:o:microsoft:windows_10:-:*:*:*:*:*:x86:*"", ""vulnerable"": true, ""version_start_incl"": null, ""version_start_excl"": null, ""version_end_incl"": null, ""version_end_excl"": null}, {""criteria"": ""cpe:2.3:o:microsoft:windows_10:20h2:*:*:*:*:*:arm64:*"", ""vulnerable"": true, ""version_start_incl"": null, ""version_start_excl"": null, ""version_end_incl"": null, ""version_end_excl"": null}, {""criteria"": ""cpe:2.3:o:microsoft:windows_10:20h2:*:*:*:*:*:x64:*"", ""vulnerable"": true, ""version_start_incl"": null, ""version_start_excl"": null, ""version_end_incl"": null, ""version_end_excl"": null}, {""criteria"": ""cpe:2.3:o:microsoft:windows_10:20h2:*:*:*:*:*:x86:*"", ""vulnerable"": true, ""version_start_incl"": null, ""version_start_excl"": null, ""version_end_incl"": null, ""version_end_excl"": null}, {""criteria"": ""cpe:2.3:o:microsoft:windows_10:21h1:*:*:*:*:*:arm64:*"", ""vulnerable"": true, ""version_start_incl"": null, ""version_start_excl"": null, ""version_end_incl"": null, ""version_end_excl"": null}, {""criteria"": ""cpe:2.3:o:microsoft:windows_10:21h1:*:*:*:*:*:x64:*"", ""vulnerable"": true, ""version_start_incl"": null, ""version_start_excl"": null, ""version_end_incl"": null, ""version_end_excl"": null}, {""criteria"": ""cpe:2.3:o:microsoft:windows_10:21h1:*:*:*:*:*:x86:*"", ""vulnerable"": true, ""version_start_incl"": null, ""version_start_excl"": null, ""version_end_incl"": null, ""version_end_excl"": null}, {""criteria"": ""cpe:2.3:o:microsoft:windows_10:21h2:*:*:*:*:*:arm64:*"", ""vulnerable"": true, ""version_start_incl"": null, ""version_start_excl"": null, ""version_end_incl"": null, ""version_end_excl"": null}, {""criteria"": ""cpe:2.3:o:microsoft:windows_10:21h2:*:*:*:*:*:x64:*"", ""vulnerable"": true, ""version_start_incl"": null, ""version_start_excl"": null, ""version_end_incl"": null, ""version_end_excl"": null}, {""criteria"": ""cpe:2.3:o:microsoft:windows_10:21h2:*:*:*:*:*:x86:*"", ""vulnerable"": true, ""version_start_incl"": null, ""version_start_excl"": null, ""version_end_incl"": null, ""version_end_excl"": null}, {""criteria"": ""cpe:2.3:o:microsoft:windows_10:1607:*:*:*:*:*:x64:*"", ""vulnerable"": true, ""version_start_incl"": null, ""version_start_excl"": null, ""version_end_incl"": null, ""version_end_excl"": null}, {""criteria"": ""cpe:2.3:o:microsoft:windows_10:1607:*:*:*:*:*:x86:*"", ""vulnerable"": true, ""version_start_incl"": null, ""version_start_excl"": null, ""version_end_incl"": null, ""version_end_excl"": null}, {""criteria"": ""cpe:2.3:o:microsoft:windows_10:1809:*:*:*:*:*:arm64:*"", ""vulnerable"": true, ""version_start_incl"": null, ""version_start_excl"": null, ""version_end_incl"": null, ""version_end_excl"": null}, {""criteria"": ""cpe:2.3:o:microsoft:windows_10:1809:*:*:*:*:*:x64:*"", ""vulnerable"": true, ""version_start_incl"": null, ""version_start_excl"": null, ""version_end_incl"": null, ""version_end_excl"": null}, {""criteria"": ""cpe:2.3:o:microsoft:windows_10:1809:*:*:*:*:*:x86:*"", ""vulnerable"": true, ""version_start_incl"": null, ""version_start_excl"": null, ""version_end_incl"": null, ""version_end_excl"": null}, {""criteria"": ""cpe:2.3:o:microsoft:windows_11:-:*:*:*:*:*:arm64:*"", ""vulnerable"": true, ""version_start_incl"": null, ""version_start_excl"": null, ""version_end_incl"": null, ""version_end_excl"": null}, {""criteria"": ""cpe:2.3:o:microsoft:windows_11:-:*:*:*:*:*:x64:*"", ""vulnerable"": true, ""version_start_incl"": null, ""version_start_excl"": null, ""version_end_incl"": null, ""version_end_excl"": null}, {""criteria"": ""cpe:2.3:o:microsoft:windows_7:-:sp1:*:*:*:*:x64:*"", ""vulnerable"": true, ""version_start_incl"": null, ""version_start_excl"": null, ""version_end_incl"": null, ""version_end_excl"": null}, {""criteria"": ""cpe:2.3:o:microsoft:windows_7:-:sp1:*:*:*:*:x86:*"", ""vulnerable"": true, ""version_start_incl"": null, ""version_start_excl"": null, ""version_end_incl"": null, ""version_end_excl"": null}, {""criteria"": ""cpe:2.3:o:microsoft:windows_8.1:-:*:*:*:*:*:x64:*"", ""vulnerable"": true, ""version_start_incl"": null, ""version_start_excl"": null, ""version_end_incl"": null, ""version_end_excl"": null}, {""criteria"": ""cpe:2.3:o:microsoft:windows_8.1:-:*:*:*:*:*:x86:*"", ""vulnerable"": true, ""version_start_incl"": null, ""version_start_excl"": null, ""version_end_incl"": null, ""version_end_excl"": null}, {""criteria"": ""cpe:2.3:o:microsoft:windows_rt_8.1:-:*:*:*:*:*:*:*"", ""vulnerable"": true, ""version_start_incl"": null, ""version_start_excl"": null, ""version_end_incl"": null, ""version_end_excl"": null}, {""criteria"": ""cpe:2.3:o:microsoft:windows_server_2008:-:sp2:*:*:*:*:x64:*"", ""vulnerable"": true, ""version_start_incl"": null, ""version_start_excl"": null, ""version_end_incl"": null, ""version_end_excl"": null}, {""criteria"": ""cpe:2.3:o:microsoft:windows_server_2008:-:sp2:*:*:*:*:x86:*"", ""vulnerable"": true, ""version_start_incl"": null, ""version_start_excl"": null, ""version_end_incl"": null, ""version_end_excl"": null}, {""criteria"": ""cpe:2.3:o:microsoft:windows_server_2008:r2:sp1:*:*:*:*:x64:*"", ""vulnerable"": true, ""version_start_incl"": null, ""version_start_excl"": null, ""version_end_incl"": null, ""version_end_excl"": null}, {""criteria"": ""cpe:2.3:o:microsoft:windows_server_2012:-:*:*:*:*:*:*:*"", ""vulnerable"": true, ""version_start_incl"": null, ""version_start_excl"": null, ""version_end_incl"": null, ""version_end_excl"": null}, {""criteria"": ""cpe:2.3:o:microsoft:windows_server_2012:r2:*:*:*:*:*:*:*"", ""vulnerable"": true, ""version_start_incl"": null, ""version_start_excl"": null, ""version_end_incl"": null, ""version_end_excl"": null}, {""criteria"": ""cpe:2.3:o:microsoft:windows_server_2016:-:*:*:*:*:*:*:*"", ""vulnerable"": true, ""version_start_incl"": null, ""version_start_excl"": null, ""version_end_incl"": null, ""version_end_excl"": null}, {""criteria"": ""cpe:2.3:o:microsoft:windows_server_2016:20h2:*:*:*:*:*:*:*"", ""vulnerable"": true, ""version_start_incl"": null, ""version_start_excl"": null, ""version_end_incl"": null, ""version_end_excl"": null}, {""criteria"": ""cpe:2.3:o:microsoft:windows_server_2019:-:*:*:*:*:*:*:*"", ""vulnerable"": true, ""version_start_incl"": null, ""version_start_excl"": null, ""version_end_incl"": null, ""version_end_excl"": null}, {""criteria"": ""cpe:2.3:o:microsoft:windows_server_2022:-:*:*:*:*:*:*:*"", ""vulnerable"": true, ""version_start_incl"": null, ""version_start_excl"": null, ""version_end_incl"": null, ""version_end_excl"": null}]","[{""url"": ""https://msrc.microsoft.com/update-guide/vulnerability/CVE-2022-30209"", ""source"": ""secure@microsoft.com"", ""tags"": []}, {""url"": ""https://msrc.microsoft.com/update-guide/vulnerability/CVE-2022-30209"", ""source"": ""af854a3a-2127-422b-91ae-364da2661108"", ""tags"": []}]",2022,2022-07,True,True,2026-06-17 04:43:16.010,1435,True,True
CVE-2023-36434,windows_server,2023-10-10 18:15:12.617,2026-06-17 06:06:16.913,Windows IIS Server Elevation of Privilege Vulnerability,9.8,CRITICAL,CVSS:3.1/AV:N/AC:L/PR:N/UI:N/S:U/C:H/I:H/A:H,3.1,CWE-307;NVD-CWE-noinfo,Modified,"[{""criteria"": ""cpe:2.3:o:microsoft:windows_10_1507:*:*:*:*:*:*:*:*"", ""vulnerable"": true, ""version_start_incl"": null, ""version_start_excl"": null, ""version_end_incl"": null, ""version_end_excl"": ""10.0.10240.20232""}, {""criteria"": ""cpe:2.3:o:microsoft:windows_10_1607:*:*:*:*:*:x64:*:*"", ""vulnerable"": true, ""version_start_incl"": null, ""version_start_excl"": null, ""version_end_incl"": null, ""version_end_excl"": ""10.0.14393.6351""}, {""criteria"": ""cpe:2.3:o:microsoft:windows_10_1607:*:*:*:*:*:x86:*:*"", ""vulnerable"": true, ""version_start_incl"": null, ""version_start_excl"": null, ""version_end_incl"": null, ""version_end_excl"": ""10.0.14393.6351""}, {""criteria"": ""cpe:2.3:o:microsoft:windows_10_1809:*:*:*:*:*:*:x64:*"", ""vulnerable"": true, ""version_start_incl"": null, ""version_start_excl"": null, ""version_end_incl"": null, ""version_end_excl"": ""10.0.17763.4974""}, {""criteria"": ""cpe:2.3:o:microsoft:windows_10_1809:*:*:*:*:*:*:x86:*"", ""vulnerable"": true, ""version_start_incl"": null, ""version_start_excl"": null, ""version_end_incl"": null, ""version_end_excl"": ""10.0.17763.4974""}, {""criteria"": ""cpe:2.3:o:microsoft:windows_10_21h2:*:*:*:*:*:*:*:*"", ""vulnerable"": true, ""version_start_incl"": null, ""version_start_excl"": null, ""version_end_incl"": null, ""version_end_excl"": ""10.0.19041.3570""}, {""criteria"": ""cpe:2.3:o:microsoft:windows_10_22h2:*:*:*:*:*:*:*:*"", ""vulnerable"": true, ""version_start_incl"": null, ""version_start_excl"": null, ""version_end_incl"": null, ""version_end_excl"": ""10.0.19041.3570""}, {""criteria"": ""cpe:2.3:o:microsoft:windows_11_21h2:*:*:*:*:*:*:*:*"", ""vulnerable"": true, ""version_start_incl"": null, ""version_start_excl"": null, ""version_end_incl"": null, ""version_end_excl"": ""10.0.22000.2538""}, {""criteria"": ""cpe:2.3:o:microsoft:windows_11_22h2:*:*:*:*:*:*:*:*"", ""vulnerable"": true, ""version_start_incl"": null, ""version_start_excl"": null, ""version_end_incl"": null, ""version_end_excl"": ""10.0.22621.2428""}, {""criteria"": ""cpe:2.3:o:microsoft:windows_server_2008:-:sp2:*:*:*:*:*:*"", ""vulnerable"": true, ""version_start_incl"": null, ""version_start_excl"": null, ""version_end_incl"": null, ""version_end_excl"": null}, {""criteria"": ""cpe:2.3:o:microsoft:windows_server_2008:r2:sp1:*:*:*:*:x64:*"", ""vulnerable"": true, ""version_start_incl"": null, ""version_start_excl"": null, ""version_end_incl"": null, ""version_end_excl"": null}, {""criteria"": ""cpe:2.3:o:microsoft:windows_server_2012:-:*:*:*:*:*:*:*"", ""vulnerable"": true, ""version_start_incl"": null, ""version_start_excl"": null, ""version_end_incl"": null, ""version_end_excl"": null}, {""criteria"": ""cpe:2.3:o:microsoft:windows_server_2012:r2:*:*:*:*:*:*:*"", ""vulnerable"": true, ""version_start_incl"": null, ""version_start_excl"": null, ""version_end_incl"": null, ""version_end_excl"": null}, {""criteria"": ""cpe:2.3:o:microsoft:windows_server_2016:-:*:*:*:*:*:*:*"", ""vulnerable"": true, ""version_start_incl"": null, ""version_start_excl"": null, ""version_end_incl"": null, ""version_end_excl"": null}, {""criteria"": ""cpe:2.3:o:microsoft:windows_server_2019:-:*:*:*:*:*:*:*"", ""vulnerable"": true, ""version_start_incl"": null, ""version_start_excl"": null, ""version_end_incl"": null, ""version_end_excl"": null}, {""criteria"": ""cpe:2.3:o:microsoft:windows_server_2022:-:*:*:*:*:*:*:*"", ""vulnerable"": true, ""version_start_incl"": null, ""version_start_excl"": null, ""version_end_incl"": null, ""version_end_excl"": null}]","[{""url"": ""https://msrc.microsoft.com/update-guide/vulnerability/CVE-2023-36434"", ""source"": ""secure@microsoft.com"", ""tags"": [""Patch"", ""Vendor Advisory""]}, {""url"": ""https://msrc.microsoft.com/update-guide/vulnerability/CVE-2023-36434"", ""source"": ""af854a3a-2127-422b-91ae-364da2661108"", ""tags"": [""Patch"", ""Vendor Advisory""]}]",2023,2023-10,True,True,2026-06-17 06:06:16.913,980,True,True
